time_utc,time_ms,coin,side,quantity,price,notional,fee,cash_after
2026-07-05T07:26:00+00:00,1783236360000,BTC,sell,0.0079638124362895,62784.0,499.99999999999994,0.19999999999999998,10499.8
2026-07-05T07:29:00+00:00,1783236540000,BTC,sell,0.007973355334377054,62747.0,500.304127166157,0.2001216508664628,10999.90400551529
2026-07-05T07:31:00+00:00,1783236660000,BTC,sell,0.007958051472414122,62771.0,499.5348489749069,0.19981393958996274,11499.239040550607
2026-07-05T07:32:00+00:00,1783236720000,BTC,sell,0.007949850038281553,62796.0,499.2187830039284,0.19968751320157138,11998.258136041335
2026-07-05T07:37:00+00:00,1783237020000,BTC,sell,0.007896661712710917,62880.0,496.5420884952625,0.19861683539810498,12494.6016077012
2026-07-05T07:38:00+00:00,1783237080000,BTC,sell,0.007925602056724185,62903.0,498.5441461741214,0.19941765846964857,12992.94633621685
2026-07-05T07:48:00+00:00,1783237680000,BTC,buy,0.00795847957254063,62919.0,500.7395762246839,0.20029583048987357,12492.006464161677
2026-07-05T07:58:00+00:00,1783238280000,BTC,sell,0.007830263104202317,63036.0,493.58846503649727,0.1974353860145989,12985.39749381216
2026-07-05T08:05:00+00:00,1783238700000,BTC,buy,0.00791498063956858,63025.0,498.8416548088098,0.1995366619235239,12486.356302341426
2026-07-05T08:09:00+00:00,1783238940000,BTC,buy,0.007897148897294419,62980.0,497.3624375516025,0.198944975020641,11988.794919814804
2026-07-05T08:11:00+00:00,1783239060000,BTC,buy,0.007928139595420752,62971.0,499.2428784632402,0.19969715138529606,11489.352344200179
2026-07-05T08:12:00+00:00,1783239120000,BTC,buy,0.007929788685606905,62959.0,499.2515658571251,0.19970062634285005,10989.901077716711
2026-07-05T08:17:00+00:00,1783239420000,BTC,sell,0.007906219168398253,63026.0,498.2973693074683,0.1993189477229873,11487.999128076457
2026-07-05T08:19:00+00:00,1783239540000,BTC,sell,0.007953403548772307,62976.0,500.8735418874848,0.20034941675499393,11988.672320547186
2026-07-05T08:21:00+00:00,1783239660000,BTC,sell,0.007923063561114753,62987.0,499.05000452393494,0.19962000180957398,12487.522705069312
2026-07-05T08:57:00+00:00,1783241820000,BTC,sell,0.007983270321150121,62930.0,502.3872013099771,0.20095488052399085,12989.708951498766
2026-07-05T09:33:00+00:00,1783243980000,BTC,buy,0.007769663408491639,62723.0,487.3365979708211,0.19493463918832846,12502.177418888756
2026-07-05T09:35:00+00:00,1783244100000,BTC,buy,0.007966699490099871,62712.0,499.6076584231431,0.19984306336925725,12002.369917402244
2026-07-05T09:38:00+00:00,1783244280000,BTC,buy,0.007976972122163077,62716.0,500.28378361357954,0.20011351344543182,11501.886020275218
2026-07-05T09:43:00+00:00,1783244580000,BTC,buy,0.007919659955576336,62530.0,495.21633702218827,0.1980865348088753,11006.471596718222
2026-07-05T09:49:00+00:00,1783244940000,BTC,sell,0.007972275009497279,62597.0,499.04049876950114,0.19961619950780046,11505.312479288215
2026-07-05T09:51:00+00:00,1783245060000,BTC,sell,0.007991381274204873,62596.0,500.22850224012825,0.2000914008960513,12005.340890127447
2026-07-05T09:59:00+00:00,1783245540000,BTC,sell,0.007971478002333762,62621.0,499.18192398414254,0.199672769593657,12504.323141341996
2026-07-05T10:05:00+00:00,1783245900000,BTC,sell,0.007953966778341828,62655.0,498.35578849700727,0.1993423153988029,13002.479587523605
2026-07-05T10:52:00+00:00,1783248720000,BTC,buy,0.008055414862241414,62743.0,505.42089470161307,0.20216835788064522,12496.856524464112
2026-07-05T10:53:00+00:00,1783248780000,BTC,buy,0.007962705963197474,62735.0,499.54035860119353,0.1998161434404774,11997.116349719478
2026-07-05T10:57:00+00:00,1783249020000,BTC,buy,0.007974670863748735,62748.0,500.39464735850567,0.20015785894340227,11496.521544502028
2026-07-05T10:59:00+00:00,1783249140000,BTC,buy,0.007967888737106313,62753.0,500.0089219196324,0.20000356876785297,10996.312619013628
2026-07-05T11:08:00+00:00,1783249680000,BTC,buy,0.007958812805129837,62706.0,499.06531575847157,0.19962612630338863,10497.047677128854
2026-07-05T11:16:00+00:00,1783250160000,BTC,buy,0.00797162822062684,62657.0,499.4783094198159,0.19979132376792635,9997.36957638527
2026-07-05T11:21:00+00:00,1783250460000,BTC,sell,0.007977473329384992,62660.0,499.8684788192636,0.19994739152770544,10497.038107813007
2026-07-05T11:28:00+00:00,1783250880000,BTC,sell,0.007988122904026989,62619.0,500.208268127266,0.20008330725090642,10997.046292633022
2026-07-05T11:29:00+00:00,1783250940000,BTC,sell,0.007980215581815001,62624.0,499.75302059558265,0.19990120823823307,11496.599412020367
2026-07-05T11:32:00+00:00,1783251120000,BTC,sell,0.00796078991633611,62659.0,498.81513536770433,0.19952605414708174,11995.215021333925
2026-07-05T11:33:00+00:00,1783251180000,BTC,sell,0.00795600372345362,62685.0,498.72209340469016,0.19948883736187606,12493.737625901254
2026-07-05T11:37:00+00:00,1783251420000,BTC,sell,0.007940105426900039,62718.0,497.98753216431663,0.19919501286572666,12991.525963052705
2026-07-05T11:52:00+00:00,1783252320000,BTC,buy,0.00793734401530933,62681.0,497.52066022360407,0.19900826408944164,12493.80629456501
2026-07-05T11:56:00+00:00,1783252560000,BTC,buy,0.007959075132312927,62658.0,498.69972964046343,0.19947989185618537,11994.90708503269
2026-07-05T12:07:00+00:00,1783253220000,BTC,sell,0.008012467886966128,62610.0,501.66061440294925,0.2006642457611797,12496.367035189878
2026-07-05T12:08:00+00:00,1783253280000,BTC,sell,0.007978965265813827,62614.0,499.59493115366695,0.19983797246146678,12995.762128371083
2026-07-05T12:31:00+00:00,1783254660000,BTC,buy,0.008092085472254158,62745.0,507.73790295658716,0.20309516118263488,12487.821130253313
2026-07-05T12:40:00+00:00,1783255200000,BTC,buy,0.007958603031755294,62740.0,499.3227542123272,0.19972910168493088,11988.2986469393
2026-07-05T12:41:00+00:00,1783255260000,BTC,buy,0.007951725543653164,62717.0,498.70837092129545,0.1994833483685182,11489.390792669637
2026-07-05T12:44:00+00:00,1783255440000,BTC,buy,0.00796600585665929,62719.0,499.619921323814,0.1998479685295256,10989.571023377293
2026-07-05T12:45:00+00:00,1783255500000,BTC,buy,0.00796467212339078,62718.0,499.5283062348229,0.19981132249392916,10489.842905819976
2026-07-05T12:49:00+00:00,1783255740000,BTC,buy,0.007964632859361763,62741.0,499.7090302292164,0.19988361209168656,9989.933991978669
2026-07-05T12:50:00+00:00,1783255800000,BTC,buy,0.007961248618908423,62741.0,499.4966995989334,0.19979867983957336,9490.237493699897
2026-07-05T12:51:00+00:00,1783255860000,BTC,buy,0.007967201035615597,62715.0,499.6630129486322,0.19986520517945286,8990.374615546085
2026-07-05T13:16:00+00:00,1783257360000,BTC,buy,0.007963061082267124,62717.0,499.4193018965472,0.19976772075861887,8490.75554592878
2026-07-05T13:22:00+00:00,1783257720000,BTC,buy,0.007952411078186162,62742.0,498.9501758675562,0.1995800703470225,7991.6057899908765
2026-07-05T13:31:00+00:00,1783258260000,BTC,sell,0.007951403317426022,62709.0,498.6245506324684,0.19944982025298735,8490.030890803091
2026-07-05T13:32:00+00:00,1783258320000,BTC,sell,0.007968375945541794,62727.0,499.8323179360001,0.19993292717440003,8989.663275811916
2026-07-05T13:37:00+00:00,1783258620000,BTC,buy,0.007975310285029458,62687.0,499.94827583764163,0.19997931033505664,8489.51502066394
2026-07-05T13:43:00+00:00,1783258980000,BTC,sell,0.007976949417931697,62734.0,500.4259447845271,0.20017037791381084,8989.740795070553
2026-07-05T13:44:00+00:00,1783259040000,BTC,sell,0.007961982262345166,62739.0,499.5268051572734,0.19981072206290934,9489.067789505763
2026-07-05T13:50:00+00:00,1783259400000,BTC,sell,0.007960521156762082,62812.0,500.0162548985399,0.20000650195941597,9988.884037902342
2026-07-05T13:54:00+00:00,1783259640000,BTC,sell,0.00795356639692837,62795.0,499.44420189511703,0.1997776807580468,10488.128462116701
2026-07-05T13:55:00+00:00,1783259700000,BTC,sell,0.00795271631257812,62797.0,499.4067262809682,0.1997626905123873,10987.335425707157
2026-07-05T13:58:00+00:00,1783259880000,BTC,sell,0.007954754019245166,62792.0,499.49491437644247,0.19979796575057698,11486.63054211785
2026-07-05T13:59:00+00:00,1783259940000,BTC,sell,0.007949546912847456,62798.0,499.2156470329945,0.19968625881319782,11985.64650289203
2026-07-05T14:00:00+00:00,1783260000000,BTC,sell,0.007948811875392078,62802.0,499.2012833983733,0.1996805133593493,12484.648105777045
2026-07-05T14:01:00+00:00,1783260060000,BTC,sell,0.007950925245973198,62802.0,499.33400729760876,0.19973360291904352,12983.782379471733
2026-07-05T14:17:00+00:00,1783261020000,BTC,buy,0.007875038242920046,62708.0,493.8278981370303,0.1975311592548121,12489.75695017545
2026-07-05T14:19:00+00:00,1783261140000,BTC,buy,0.00797022730643792,62712.0,499.82889484133483,0.19993155793653394,11989.728123776178
2026-07-05T14:24:00+00:00,1783261440000,BTC,buy,0.007961710856671498,62701.0,499.2072324241596,0.19968289296966385,11490.321208459049
2026-07-05T14:25:00+00:00,1783261500000,BTC,buy,0.007965761467793025,62693.0,499.3974837003481,0.19975899348013926,10990.72396576522
2026-07-05T14:27:00+00:00,1783261620000,BTC,buy,0.007971326994717455,62710.0,499.88191583873163,0.19995276633549267,10490.642097160153
2026-07-05T14:31:00+00:00,1783261860000,BTC,sell,0.007963803195427981,62718.0,499.4738088108521,0.19978952352434085,10989.91611644748
2026-07-05T14:34:00+00:00,1783262040000,BTC,sell,0.007977969255410458,62686.0,500.10698074465995,0.20004279229786398,11489.823054399843
2026-07-05T14:43:00+00:00,1783262580000,BTC,sell,0.00792781468987169,62756.0,497.5179386775877,0.19900717547103508,11987.141985901959
2026-07-05T14:47:00+00:00,1783262820000,BTC,sell,0.007979483549460972,62728.0,500.53704409058787,0.20021481763623514,12487.47881517491
2026-07-05T14:48:00+00:00,1783262880000,BTC,sell,0.007960203680938804,62730.0,499.3435769052912,0.19973743076211647,12986.622654649438
2026-07-05T15:20:00+00:00,1783264800000,BTC,buy,0.008016957801065802,62795.0,503.424865117927,0.20136994604717082,12482.996419585463
2026-07-05T15:22:00+00:00,1783264920000,BTC,buy,0.007932718862322226,62764.0,497.8891666747922,0.19915566666991688,11984.908097244
2026-07-05T15:25:00+00:00,1783265100000,BTC,buy,0.007956026620534611,62762.0,499.3361427579933,0.19973445710319732,11485.372220028905
2026-07-05T15:29:00+00:00,1783265340000,BTC,buy,0.007965379028837382,62791.0,500.1541145997281,0.20006164583989122,10985.018043783337
2026-07-05T15:35:00+00:00,1783265700000,BTC,sell,0.00793879680501948,62822.0,498.73109288493373,0.1994924371539735,11483.549644231116
2026-07-05T15:45:00+00:00,1783266300000,BTC,buy,0.007911329530512198,62696.0,496.0087162449928,0.1984034864979971,10987.342524499625
2026-07-05T15:49:00+00:00,1783266540000,BTC,buy,0.007969608448428195,62721.0,499.8618114938648,0.19994472459754592,10487.280768281162
2026-07-05T15:55:00+00:00,1783266900000,BTC,sell,0.00795505963679745,62747.0,499.1561270301296,0.19966245081205183,10986.23723286048
2026-07-05T15:56:00+00:00,1783266960000,BTC,sell,0.007953184184216842,62759.0,499.1338862172648,0.19965355448690592,11485.171465523257
2026-07-05T16:00:00+00:00,1783267200000,BTC,buy,0.00795045910042566,62736.0,498.78000212430425,0.1995120008497217,10986.191951398103
2026-07-05T16:01:00+00:00,1783267260000,BTC,buy,0.007959088078464883,62728.0,499.25767698594524,0.1997030707943781,10486.734571341363
2026-07-05T16:05:00+00:00,1783267500000,BTC,buy,0.007961003420977159,62728.0,499.37782259105524,0.1997511290364221,9987.156997621272
2026-07-05T16:07:00+00:00,1783267620000,BTC,buy,0.007962208206535232,62716.0,499.3578498810636,0.19974313995242543,9487.599404600256
2026-07-05T16:09:00+00:00,1783267740000,BTC,buy,0.007963095876385289,62711.0,499.3737055039978,0.19974948220159913,8988.025949614057
2026-07-05T16:10:00+00:00,1783267800000,BTC,buy,0.007965603018044193,62701.0,499.4512748343889,0.19978050993375557,8488.374894269733
2026-07-05T16:15:00+00:00,1783268100000,BTC,buy,0.007957817569494471,62713.0,499.0586132357068,0.19962344529428272,7989.116657588732
2026-07-05T16:19:00+00:00,1783268340000,BTC,buy,0.007967480586040687,62701.0,499.5690002253371,0.19982760009013484,7489.347829763305
2026-07-05T16:23:00+00:00,1783268580000,BTC,sell,0.007959686713531991,62690.0,498.9927600713205,0.1995971040285282,7988.140992730597
2026-07-05T16:28:00+00:00,1783268880000,BTC,sell,0.00795881258725406,62671.0,498.7867436557992,0.1995146974623197,8486.728221688934
2026-07-05T16:32:00+00:00,1783269120000,BTC,sell,0.007954758603157329,62618.0,498.1110742125056,0.19924442968500225,8984.640051471755
2026-07-05T16:33:00+00:00,1783269180000,BTC,sell,0.007975182695369568,62649.0,499.63722068220807,0.19985488827288322,9484.077417265691
2026-07-05T16:35:00+00:00,1783269300000,BTC,sell,0.00796776465718692,62645.0,499.1406169494746,0.19965624677978983,9983.018377968387
2026-07-05T16:36:00+00:00,1783269360000,BTC,sell,0.007967293198697835,62650.0,499.1509188984193,0.19966036755936772,10481.969636499247
2026-07-05T16:41:00+00:00,1783269660000,BTC,sell,0.007972851781265122,62628.0,499.32376135707204,0.1997295045428288,10981.093668351778
2026-07-05T16:42:00+00:00,1783269720000,BTC,sell,0.007966234931078984,62636.0,498.97309114306324,0.1995892364572253,11479.867170258383
2026-07-05T16:45:00+00:00,1783269900000,BTC,sell,0.007980449737216445,62615.0,499.6958602958077,0.19987834411832306,11979.363152210073
2026-07-05T16:59:00+00:00,1783270740000,BTC,sell,0.007946478152736199,62647.0,497.8230168344646,0.19912920673378584,12476.987039837804
2026-07-05T17:08:00+00:00,1783271280000,BTC,sell,0.007896165929359808,62720.0,495.24752708944715,0.19809901083577885,12972.036467916416
2026-07-05T17:27:00+00:00,1783272420000,BTC,buy,0.007966416836892844,62733.0,499.7572274287988,0.1999028909715195,12472.079337596644
2026-07-05T17:28:00+00:00,1783272480000,BTC,buy,0.007941836373575706,62715.0,498.0722681688004,0.19922890726752016,11973.807840520576
2026-07-05T17:32:00+00:00,1783272720000,BTC,sell,0.007968975819616732,62696.0,499.6229079866906,0.19984916319467624,12473.230899344071
2026-07-05T17:36:00+00:00,1783272960000,BTC,buy,0.007945344823696437,62675.0,497.9744868251742,0.19918979473006967,11975.057222724166
2026-07-05T17:39:00+00:00,1783273140000,BTC,buy,0.007969004178038117,62691.0,499.5848409253876,0.19983393637015504,11475.272547862409
2026-07-05T17:40:00+00:00,1783273200000,BTC,buy,0.007957474524624596,62686.0,498.8222480506174,0.19952889922024697,10976.250770912571
2026-07-05T17:41:00+00:00,1783273260000,BTC,buy,0.007957948698270106,62676.0,498.7723926127772,0.19950895704511087,10477.27886934275
2026-07-05T17:43:00+00:00,1783273380000,BTC,buy,0.007960424114873313,62671.0,498.8877397032254,0.19955509588129017,9978.191574543644
2026-07-05T17:52:00+00:00,1783273920000,BTC,buy,0.007965856823732373,62631.0,498.90957872718224,0.1995638314908729,9479.08243198497
2026-07-05T17:53:00+00:00,1783273980000,BTC,buy,0.007972791177110174,62601.0,499.10470047827397,0.1996418801913096,8979.778089626505
2026-07-05T17:57:00+00:00,1783274220000,BTC,sell,0.00797062897893964,62611.0,499.0490510003898,0.1996196204001559,9478.627521006494
2026-07-05T17:58:00+00:00,1783274280000,BTC,sell,0.007968019021902906,62621.0,498.9653191705819,0.19958612766823275,9977.393254049408
2026-07-05T17:59:00+00:00,1783274340000,BTC,sell,0.007965855438675158,62626.0,498.8696627024704,0.19954786508098815,10476.063368886798
2026-07-05T18:00:00+00:00,1783274400000,BTC,sell,0.007965002603212576,62628.0,498.8321830339972,0.19953287321359886,10974.696019047582
2026-07-05T18:01:00+00:00,1783274460000,BTC,sell,0.007964951120787676,62628.0,498.82895879269057,0.19953158351707623,11473.325446256755
2026-07-05T18:03:00+00:00,1783274580000,BTC,sell,0.007959952838548862,62636.0,498.57960599534647,0.19943184239813858,11971.705620409703
2026-07-05T18:05:00+00:00,1783274700000,BTC,sell,0.007954754457341201,62647.0,498.3415024890542,0.1993366009956217,12469.847786297762
2026-07-05T18:10:00+00:00,1783275000000,BTC,sell,0.007950665414636501,62658.0,498.1727935502939,0.19926911742011755,12967.821310730635
2026-07-05T18:14:00+00:00,1783275240000,BTC,buy,0.007960992045408455,62658.0,498.819839581203,0.19952793583248118,12468.801943213599
2026-07-05T18:18:00+00:00,1783275480000,BTC,buy,0.007977817509508885,62685.0,500.08949058356444,0.20003579623342577,11968.5124168338
2026-07-05T18:20:00+00:00,1783275600000,BTC,buy,0.00795424410347137,62681.0,498.5799746496889,0.19943198985987556,11469.733010194252
2026-07-05T18:31:00+00:00,1783276260000,BTC,sell,0.007946650538658472,62696.0,498.22320217173154,0.19928928086869263,11967.756923085115
2026-07-05T18:32:00+00:00,1783276320000,BTC,sell,0.007949094551833132,62701.0,498.4161774944892,0.19936647099779567,12465.973734108607
2026-07-05T18:39:00+00:00,1783276740000,BTC,sell,0.007926147846717087,62728.0,497.1914021288694,0.19887656085154776,12962.966259676625
2026-07-05T18:55:00+00:00,1783277700000,BTC,buy,0.008040388676550048,62839.0,505.24998404572847,0.2020999936182914,12457.51417563728
2026-07-05T18:56:00+00:00,1783277760000,BTC,buy,0.007906578681598664,62801.0,496.5410477830777,0.19861641911323108,11960.77451143509
2026-07-05T19:07:00+00:00,1783278420000,BTC,buy,0.007938512170006684,62806.0,498.5861953494398,0.1994344781397759,11461.988881607509
2026-07-05T19:08:00+00:00,1783278480000,BTC,buy,0.007935164748442324,62806.0,498.37595719066854,0.1993503828762674,10963.413574033964
2026-07-05T19:13:00+00:00,1783278780000,BTC,sell,0.007913800017096264,62855.0,497.42190007458566,0.19896876002983427,11460.63650534852
2026-07-05T19:18:00+00:00,1783279080000,BTC,buy,0.007924270264678058,62842.0,497.97699197289853,0.1991907967891594,10962.460322578832
2026-07-05T19:19:00+00:00,1783279140000,BTC,buy,0.007928640116647762,62835.0,498.1961017295621,0.19927844069182485,10464.064942408579
2026-07-05T19:21:00+00:00,1783279260000,BTC,buy,0.00793026651119468,62827.0,498.2348540988282,0.19929394163953126,9965.630794368111
2026-07-05T19:22:00+00:00,1783279320000,BTC,buy,0.007933661429137432,62806.0,498.28153971840555,0.1993126158873622,9467.149942033819
2026-07-05T19:23:00+00:00,1783279380000,BTC,buy,0.007936704876271244,62792.0,498.361572590824,0.1993446290363296,8968.589024813959
2026-07-05T19:34:00+00:00,1783280040000,BTC,sell,0.007938184073671395,62817.0,498.652908955816,0.19946116358232638,9467.042472606192
2026-07-05T19:37:00+00:00,1783280220000,BTC,sell,0.007932182231737282,62792.0,498.07758669524736,0.19923103467809894,9964.920828266762
2026-07-05T19:38:00+00:00,1783280280000,BTC,sell,0.00793347517496518,62803.0,498.2460414133382,0.19929841656533528,10462.967571263536
2026-07-05T19:50:00+00:00,1783281000000,BTC,buy,0.00793347517496518,62778.0,498.04770453396407,0.19921908181358564,9964.720647647759
2026-07-05T19:51:00+00:00,1783281060000,BTC,buy,0.007937865954759473,62767.0,498.23603238238786,0.19929441295295514,9466.285320852417
2026-07-05T19:55:00+00:00,1783281300000,BTC,sell,0.007937865954759473,62772.0,498.27572171216167,0.19931028868486467,9964.361732275895
2026-07-05T19:57:00+00:00,1783281420000,BTC,sell,0.007938085920268229,62763.0,498.21808661379487,0.19928723464551795,10462.380531655044
2026-07-05T20:04:00+00:00,1783281840000,BTC,buy,0.007938085920268229,62780.0,498.3530340744394,0.19934121362977575,9963.828156366975
2026-07-05T20:05:00+00:00,1783281900000,BTC,buy,0.007936649214101237,62771.0,498.19140781834875,0.1992765631273395,9465.437471985499
2026-07-05T20:23:00+00:00,1783282980000,BTC,buy,0.007939695682427994,62757.0,498.2714819421336,0.19930859277685345,8966.966681450587
2026-07-05T20:24:00+00:00,1783283040000,BTC,buy,0.007937696066523666,62757.0,498.1459920468257,0.19925839681873028,8468.621431006943
2026-07-05T20:26:00+00:00,1783283160000,BTC,buy,0.00793737863866565,62757.0,498.1260712267402,0.19925042849069607,7970.2961093517115
2026-07-05T20:32:00+00:00,1783283520000,BTC,buy,0.007965925367896538,62700.0,499.46352056711294,0.19978540822684518,7470.632803376372
2026-07-05T20:36:00+00:00,1783283760000,BTC,buy,0.00793567330971362,62712.0,497.66194459876056,0.19906477783950421,6972.771793999772
2026-07-05T20:56:00+00:00,1783284960000,BTC,sell,0.007954482882885174,62738.0,499.04834710645,0.19961933884258,7471.62052176738
2026-07-05T20:57:00+00:00,1783285020000,BTC,sell,0.007940343437919335,62738.0,498.16126660818327,0.1992645066432733,7969.58252386892
2026-07-05T21:05:00+00:00,1783285500000,BTC,buy,0.007977778542193975,62661.0,499.89558123241665,0.19995823249296665,7469.48698440401
2026-07-05T21:06:00+00:00,1783285560000,BTC,buy,0.007949090556947536,62656.0,498.05821793610477,0.1992232871744419,6971.2295431807315
2026-07-05T21:11:00+00:00,1783285860000,BTC,sell,0.007952299969501045,62665.0,498.330877588783,0.1993323510355132,7469.361088418479
2026-07-05T21:12:00+00:00,1783285920000,BTC,sell,0.007948329607052829,62668.0,498.10591981478666,0.19924236792591465,7967.26776586534
2026-07-05T21:13:00+00:00,1783285980000,BTC,sell,0.007961484062390674,62717.0,499.3203959409559,0.19972815837638236,8466.388433647919
2026-07-05T21:14:00+00:00,1783286040000,BTC,sell,0.00794538929753267,62736.0,498.46194297000955,0.19938477718800382,8964.65099184074
2026-07-05T21:23:00+00:00,1783286580000,BTC,sell,0.007957226654672491,62897.0,500.4856848989357,0.2001942739595743,9464.936482465717
2026-07-05T21:24:00+00:00,1783286640000,BTC,sell,0.007920331466515997,62926.0,498.39477786198563,0.19935791114479426,9963.131902416559
2026-07-05T21:27:00+00:00,1783286820000,BTC,sell,0.007920826100630095,62892.0,498.15659512082794,0.19926263804833116,10461.089234899338
2026-07-05T21:29:00+00:00,1783286940000,BTC,sell,0.007912578773651542,62922.0,497.87528159570235,0.19915011263828095,10958.765366382404
2026-07-05T21:30:00+00:00,1783287000000,BTC,sell,0.007912491498505196,62931.0,497.94100249243047,0.19917640099697217,11456.507192473839
2026-07-05T21:34:00+00:00,1783287240000,BTC,buy,0.00792024264267098,62947.0,498.5555136282102,0.19942220545128408,10957.752256640177
2026-07-05T21:35:00+00:00,1783287300000,BTC,buy,0.007908558242386426,62915.0,497.566941819742,0.1990267767278968,10459.986288043707
2026-07-05T21:36:00+00:00,1783287360000,BTC,buy,0.007917095487729427,62910.0,498.06447713305823,0.19922579085322328,9961.722585119795
2026-07-05T21:38:00+00:00,1783287480000,BTC,buy,0.007913162958439085,62944.0,498.08612925598976,0.1992344517023959,9463.437221412103
2026-07-05T21:50:00+00:00,1783288200000,BTC,buy,0.00790616137496454,62972.0,497.86679410426706,0.19914671764170683,8965.371280590194
2026-07-05T21:52:00+00:00,1783288320000,BTC,buy,0.007916311875796282,62951.0,498.33974889325174,0.1993358995573007,8466.832195797386
2026-07-05T21:59:00+00:00,1783288740000,BTC,buy,0.007823081633347464,63158.0,494.0901897989591,0.19763607591958365,7972.544369922507
2026-07-05T22:00:00+00:00,1783288800000,BTC,buy,0.007921909638133641,63092.0,499.80912288912765,0.19992364915565106,7472.535323384223
2026-07-05T22:01:00+00:00,1783288860000,BTC,buy,0.007911514349861822,63063.0,498.923829445336,0.1995695317781344,6973.411924407109
2026-07-05T22:10:00+00:00,1783289400000,BTC,sell,0.007897289456706535,63058.0,497.9872785610007,0.1991949114244003,7471.200008056685
2026-07-05T22:11:00+00:00,1783289460000,BTC,sell,0.007916125288956258,63102.0,499.5233379837178,0.19980933519348712,7970.52353670521
2026-07-05T22:15:00+00:00,1783289700000,BTC,sell,0.007933810756632992,63231.0,501.6627879526607,0.20066511518106428,8471.98565954269
2026-07-05T22:24:00+00:00,1783290240000,BTC,buy,0.00775446614264922,63531.0,492.6489885086476,0.19705959540345905,7979.139611438639
2026-07-05T22:27:00+00:00,1783290420000,BTC,buy,0.007843140591387542,63543.0,498.37668259853854,0.19935067303941542,7480.563578167061
2026-07-05T22:34:00+00:00,1783290840000,BTC,buy,0.007793732810677231,63640.0,495.993156071499,0.19839726242859962,6984.372024833133
2026-07-06T00:27:00+00:00,1783297620000,BTC,sell,0.0077644997719187175,63465.0,492.7739780248214,0.19710959120992858,7476.948893266745
2026-07-06T00:28:00+00:00,1783297680000,BTC,sell,0.007857570959524475,63472.0,498.73574394293746,0.199494297577175,7975.485142912105
2026-07-06T00:34:00+00:00,1783298040000,BTC,buy,0.007877030218614085,63423.0,499.5848875551611,0.19983395502206444,7475.7004214019225
2026-07-06T00:45:00+00:00,1783298700000,BTC,sell,0.007921892699465527,63593.0,503.77692243711124,0.2015107689748445,7979.275833070059
2026-07-06T00:46:00+00:00,1783298760000,BTC,sell,0.007867634000396653,63677.0,500.9873302432577,0.20039493209730308,8480.06276838122
2026-07-06T00:49:00+00:00,1783298940000,BTC,sell,0.007845077251003089,63729.0,499.95892812917583,0.19998357125167032,8979.821712939143
2026-07-06T00:51:00+00:00,1783299060000,BTC,sell,0.007827246332903003,63718.0,498.73648183991355,0.19949459273596543,9478.35870018632
2026-07-06T01:06:00+00:00,1783299960000,BTC,sell,0.007829365076363662,63716.0,498.85582520558705,0.19954233008223482,9977.014983061825
2026-07-06T01:07:00+00:00,1783300020000,BTC,sell,0.007827688323260858,63729.0,498.8507491530912,0.1995402996612365,10475.666191915254
2026-07-06T01:08:00+00:00,1783300080000,BTC,sell,0.007819125491980149,63761.0,498.5552604941463,0.19942210419765852,10974.022030305203
2026-07-06T01:12:00+00:00,1783300320000,BTC,buy,0.00782464288569758,63769.0,498.96965217804893,0.19958786087121957,10474.852790266283
2026-07-06T01:15:00+00:00,1783300500000,BTC,buy,0.007822170929543428,63801.0,499.06232747580026,0.1996249309903201,9975.590837859492
2026-07-06T01:16:00+00:00,1783300560000,BTC,buy,0.007818473891260674,63795.0,498.7795418929747,0.19951181675718987,9476.61178414976
2026-07-06T01:18:00+00:00,1783300680000,BTC,buy,0.00781676417222749,63801.0,498.71737095228605,0.1994869483809144,8977.694926249093
2026-07-06T01:20:00+00:00,1783300800000,BTC,buy,0.007818142553984591,63798.0,498.78185865910893,0.19951274346364356,8478.71355484652
2026-07-06T01:22:00+00:00,1783300920000,BTC,buy,0.007818001364842161,63796.0,498.7572150714705,0.1995028860285882,7979.756836889021
2026-07-06T01:23:00+00:00,1783300980000,BTC,buy,0.007830303768282004,63769.0,499.3306409995751,0.19973225639983005,7480.226463633046
2026-07-06T01:24:00+00:00,1783301040000,BTC,buy,0.007836513016251392,63738.0,499.48366662983125,0.1997934666519325,6980.5430035365625
2026-07-06T01:38:00+00:00,1783301880000,BTC,sell,0.00788040262321607,63870.0,503.32131554481043,0.2013285262179242,7483.6629905551545
2026-07-06T01:42:00+00:00,1783302120000,BTC,sell,0.007781697148009234,63787.0,496.371115980065,0.19854844639202598,7979.835558088827
2026-07-06T01:49:00+00:00,1783302540000,BTC,buy,0.007909710701981772,63601.0,503.06551035674266,0.20122620414269707,7476.568821527942
2026-07-06T01:51:00+00:00,1783302660000,BTC,buy,0.007842313247191389,63590.0,498.69269938890045,0.19947707975556017,6977.676645059287
2026-07-06T02:22:00+00:00,1783304520000,BTC,sell,0.007826720394229707,63562.0,497.4820016980286,0.19899280067921146,7474.9596539566355
2026-07-06T02:23:00+00:00,1783304580000,BTC,sell,0.007866042191461704,63630.0,500.5162646427082,0.2002065058570833,7975.275712093487
2026-07-06T02:25:00+00:00,1783304700000,BTC,sell,0.007828992090719408,63612.0,498.017844874843,0.1992071379499372,8473.09434983038
2026-07-06T02:27:00+00:00,1783304820000,BTC,sell,0.007834303330815928,63605.0,498.3008633565471,0.19932034534261883,8971.195892841586
2026-07-06T02:35:00+00:00,1783305300000,BTC,buy,0.007867542987988412,63509.0,499.659787624156,0.19986391504966242,8471.33624130238
2026-07-06T02:39:00+00:00,1783305540000,BTC,sell,0.007855666107837406,63551.0,499.235436819175,0.19969417472767,8970.371983946829
2026-07-06T02:48:00+00:00,1783306080000,BTC,buy,0.007889249341261517,63408.0,500.24152223071025,0.2000966088922841,8469.930365107226
2026-07-06T02:51:00+00:00,1783306260000,BTC,buy,0.007859206059320528,63403.0,498.29724177909947,0.1993188967116398,7971.4338044314145
2026-07-06T02:53:00+00:00,1783306380000,BTC,buy,0.007853843564081905,63410.0,498.0122203984336,0.19920488815937346,7473.222379144821
2026-07-06T02:54:00+00:00,1783306440000,BTC,buy,0.007861324702334034,63401.0,498.4158474526801,0.19936633898107203,6974.60716535316
2026-07-06T03:20:00+00:00,1783308000000,BTC,sell,0.007858713713256638,63401.0,498.2503081341841,0.19930012325367363,7472.65817336409
2026-07-06T03:25:00+00:00,1783308300000,BTC,sell,0.007804737539451254,63257.0,493.70428253306795,0.19748171301322717,7966.164974184145
2026-07-06T03:27:00+00:00,1783308420000,BTC,sell,0.007871496842254997,63257.0,497.92727575052436,0.19917091030020975,8463.893079024368
2026-07-06T03:29:00+00:00,1783308540000,BTC,sell,0.007867378865846038,63239.0,497.5251720972376,0.19901006883889505,8961.219241052768
2026-07-06T03:36:00+00:00,1783308960000,BTC,sell,0.007873224735015555,63243.0,497.92635191658877,0.1991705407666355,9458.94642242859
2026-07-06T03:37:00+00:00,1783309020000,BTC,sell,0.00787201378889393,63260.0,497.98359228543,0.199193436914172,9956.730821277106
2026-07-06T03:38:00+00:00,1783309080000,BTC,sell,0.007865337563217558,63295.0,497.8365410638553,0.19913461642554212,10454.368227724535
2026-07-06T03:43:00+00:00,1783309380000,BTC,sell,0.007879387737583607,63240.0,498.2924805247873,0.19931699220991492,10952.461391257113
2026-07-06T03:45:00+00:00,1783309500000,BTC,sell,0.007889565851680082,63197.0,498.5968931286261,0.19943875725145044,11450.858845628487
2026-07-06T03:46:00+00:00,1783309560000,BTC,sell,0.007844810226307258,63254.0,496.21562605483933,0.19848625042193574,11946.875985432906
2026-07-06T03:48:00+00:00,1783309680000,BTC,sell,0.007882431334554511,63236.0,498.45342787188906,0.19938137114875562,12445.130031933646
2026-07-06T03:49:00+00:00,1783309740000,BTC,sell,0.0078620254592476,63246.0,497.2416621955737,0.1988966648782295,12942.172797464342
2026-07-06T04:24:00+00:00,1783311840000,BTC,buy,0.00792470928754005,63312.0,501.7291944127356,0.20069167776509422,12440.242911373842
2026-07-06T04:25:00+00:00,1783311900000,BTC,buy,0.007833073642860323,63268.0,495.58290323648697,0.19823316129459478,11944.46177497606
2026-07-06T04:26:00+00:00,1783311960000,BTC,buy,0.007847653924779607,63225.0,496.1679193941906,0.19846716775767625,11448.09538841411
2026-07-06T04:27:00+00:00,1783312020000,BTC,buy,0.007869297195886315,63212.0,497.43401434636576,0.1989736057385463,10950.462400462007
2026-07-06T04:38:00+00:00,1783312680000,BTC,sell,0.007836175653228541,63304.0,496.0612635519796,0.19842450542079185,11446.325239508566
2026-07-06T04:39:00+00:00,1783312740000,BTC,sell,0.007850759941527945,63322.0,497.12582101743254,0.198850328406973,11943.252210197592
2026-07-06T04:40:00+00:00,1783312800000,BTC,sell,0.007842522345230397,63343.0,496.76889291392905,0.19870755716557162,12439.822395554356
2026-07-06T04:49:00+00:00,1783313340000,BTC,sell,0.007873323550541045,63323.0,498.5624671909106,0.19942498687636423,12938.18543775839
2026-07-06T04:58:00+00:00,1783313880000,BTC,buy,0.007854547850234421,63317.0,497.32640623329286,0.19893056249331714,12440.660100962603
2026-07-06T05:04:00+00:00,1783314240000,BTC,sell,0.0079209083924634,63250.0,500.99745582331,0.20039898232932402,12941.457157803583
2026-07-06T05:14:00+00:00,1783314840000,BTC,buy,0.007837273787855481,63209.0,495.3862388565571,0.19815449554262285,12445.872764451482
2026-07-06T05:15:00+00:00,1783314900000,BTC,buy,0.007871780715657535,63201.0,497.5044130102719,0.19900176520410875,11948.169349676005
2026-07-06T05:21:00+00:00,1783315260000,BTC,sell,0.007880180099477281,63196.0,497.99586156656625,0.1991983446266265,12445.966012897945
2026-07-06T05:28:00+00:00,1783315680000,BTC,buy,0.007853501990541141,63156.0,495.9957717146163,0.19839830868584651,11949.771842874641
2026-07-06T05:33:00+00:00,1783315980000,BTC,sell,0.007981432446837793,63025.0,503.0297799619519,0.20121191198478075,12452.600410924608
2026-07-06T05:35:00+00:00,1783316100000,BTC,sell,0.00794197371913604,62983.0,500.20933075234524,0.2000837323009381,12952.609657944651
2026-07-06T05:47:00+00:00,1783316820000,BTC,buy,0.007992941304184743,63084.0,504.2267092331903,0.20169068369327614,12448.18125802777
2026-07-06T05:48:00+00:00,1783316880000,BTC,buy,0.007888844916621701,63076.0,497.5967819608304,0.19903871278433216,11950.385437354154
2026-07-06T05:49:00+00:00,1783316940000,BTC,buy,0.00789387462442082,63074.0,497.89824806071874,0.1991592992242875,11452.288029994212
2026-07-06T05:52:00+00:00,1783317120000,BTC,buy,0.0079028174744359,63102.0,498.68358827185415,0.19947343530874165,10953.40496828705
2026-07-06T06:01:00+00:00,1783317660000,BTC,sell,0.007883596749582208,63117.0,497.5889760433802,0.19903559041735208,11450.794908740012
2026-07-06T06:08:00+00:00,1783318080000,BTC,sell,0.007920204887904358,63060.0,499.4481202312488,0.19977924809249953,11950.043249723169
2026-07-06T06:09:00+00:00,1783318140000,BTC,sell,0.007895287790386604,63060.0,497.87684806177924,0.1991507392247117,12447.720947045724
2026-07-06T06:10:00+00:00,1783318200000,BTC,sell,0.007857434534451167,63100.0,495.80411912386865,0.19832164764954746,12943.326744521943
2026-07-06T06:18:00+00:00,1783318680000,BTC,buy,0.007885416042104146,63094.0,497.522439760519,0.1990089759042076,12445.605295785519
2026-07-06T06:28:00+00:00,1783319280000,BTC,sell,0.007962626385775773,63016.0,501.7728643260461,0.20070914573041843,12947.177450965833
2026-07-06T06:51:00+00:00,1783320660000,BTC,buy,0.00790317158130708,63016.0,498.0262603676469,0.19921050414705876,12448.95198009404
2026-07-06T06:52:00+00:00,1783320720000,BTC,buy,0.007900967258114455,63013.0,497.86364983556615,0.19914545993422647,11950.88918479854
2026-07-06T06:56:00+00:00,1783320960000,BTC,sell,0.00792055698592279,62988.0,498.9000434293047,0.19956001737172188,12449.589668210472
2026-07-06T06:57:00+00:00,1783321020000,BTC,sell,0.007896712419388503,62997.0,497.4691922842175,0.19898767691368702,12946.859872817777
